{
  "enableFpsReducer": true,
  "idleFps": 10,
  "noActFps": 30,
  "guiScreenFps": 10,
  "reducingInGameMenu": true,
  "reducingInBackground": true,
  "waitingTime": 600,
  "noActTime": 60000,
  "detectMoving": 1,
  "ignoreHoldButton": false,
  "suppressSound": true,
  "suppressedVolume": 0,
  "hudEnabled": false,
  "debugLog": false,
  "profile": 5,
  "cpuUsageType": 0,
  "cpuUsageThread": 0,
  "hudReferencePos": 3,
  "hudScale": 1.0,
  "hudBehindChatBox": 2,
  "hudInfo": 4,
  "hudColor": "f0f0f0",
  "hudPreText": "FPS: ",
  "hudReductionColor": "00f000",
  "hudReductionPreText": "ECO: ",
  "hudGuiModeColor": "b6ecff",
  "hudGuiModePreText": "FPS: ",
  "hudNoActModeColor": "ceffd4",
  "hudPos": [
    { "id": 0, "offsetX": 0, "offsetY": 0, "alignment": 0 },
    { "id": 1, "offsetX": 2, "offsetY": 2, "alignment": 0 },
    { "id": 2, "offsetX": 0, "offsetY": 2, "alignment": 2 },
    { "id": 3, "offsetX": -2, "offsetY": 2, "alignment": 1 },
    { "id": 4, "offsetX": -2, "offsetY": 0, "alignment": 1 },
    { "id": 5, "offsetX": -2, "offsetY": -2, "alignment": 1 },
    { "id": 6, "offsetX": 0, "offsetY": -2, "alignment": 2 },
    { "id": 7, "offsetX": 2, "offsetY": -2, "alignment": 0 },
    { "id": 8, "offsetX": 2, "offsetY": 0, "alignment": 0 }
  ]
}
